{"120363212819490620@g.us":[{"text":"Selamat tinggal @NAME","status":"off"}],"120363278604619207@g.us":[{"text":"selamat jalan kawan @NAME telah keluar dari @GROUP","status":"on"}],"6289504583159-1609414691@g.us":[{"text":"@NAME telah keluar dari @GROUP","status":"on"}],"120363177423076973@g.us":[{"text":"hii @NAME kamu telat keluar dari @GROUP jangan kembali lagi (⁠╯⁠︵⁠╰⁠,⁠) \n— kalau kamu balik bawa duit segepok yaa🗿\n • admin *asy🌷*","status":"on"}],"120363197436984569@g.us":[{"text":"@NAME pergi jauh jauh sana hus hus","status":"on"}],"120363290671965780@g.us":[{"text":"selamat tinggal saudaraku semoga amal ibadahmu diterima disisi Allah SWT","status":"on"}],"120363283528854430@g.us":[{"text":"*selamat tinggal sayangkuh semoga betah di alam kubur*","status":"on"}],"120363263746942716@g.us":[{"text":"@NAME byee pokee🤣","status":"on"}],"120363290853000864@g.us":[{"text":"Sampai jumpa diamba store salam vilog ff @NAME","status":"on"}],"120363272952643006@g.us":[{"text":"Hati-hati di jalan kroco\n@NAME","status":"on"}],"120363229653539578@g.us":[{"text":"SAYONARA gausah balik lagi ya sat","status":"on"}],"120363223674564411@g.us":[{"text":"Selamat Tinggal @NAME Di @GROUP Semoga Hari Mu Menyenangkan","status":"on"}],"6282238460603-1587456446@g.us":[{"text":"Selamat tinggal,Lain kali gak usah join kalo g niat","status":"on"}],"120363243484068604@g.us":[{"text":"┏━━━━༻ *GOODBYE* ༺━━━━┓\n ⭐ @NAME\n *TELAH MENINGGALKAN GRUP*\n┗━━━━༻ *YUDZXML* ༺━━━━┛","status":"on"}],"6282330014449-1585202315@g.us":[{"text":"_Good Bye_ *Silahkan kapan kapan Datang kembali* \n🫸🫷🙏","status":"off"}],"120363306514407477@g.us":[{"text":"SAYONARA DADAH","status":"on"}],"120363143967001709@g.us":[{"text":"@NAME telah modar dari @GROUP","status":"on"}],"120363287051935611@g.us":[{"text":"INNALILLAHI WA INNA ILAIHI RAJIUN 🙇‍♀️ YANG TENANG DI SANA YA BEB 🫂JANGAN LUPA YASIN YOROBUN🥹","status":"on"}],"120363275888060420@g.us":[{"text":"_Selamat tinggal @NAME telah keluar dari @GROUP_","status":"on"}],"120363317423818696@g.us":[{"text":"_Selamat tinggal @NAME telah keluar dari @GROUP_","status":"on"}]}