{"120363333935072547@g.us":[{"keyword":"aov","text":"Silahkan cek harga disini 👇 https://brianzstore.kedaiq.com/kategori/arena-of-valor-584857\n\nUntuk melakukan pembayaran ketik : Payment \nApabila ingin order otomatis 24 jam di web, baca tutorial gambar diatas👆🏻\n\n*Harga dapat berubah sewaktu waktu, Selalu cek harga terlebih dahulu sebelum order*","url":"https://autoresbot.com/tmp_files/bfdb06ba-9749-4e24-8aec-065210f76e53.jpg"},{"keyword":"apk prem","text":"*APK PREMIUM*\n\n🔮 *YOUTUBE FAMPLAN*\n• 1 bulan Rp. 6.500\n• ⁠2 bulan Rp. 11.000\n( famplan via invt )\n\n🔮 *AM PREM*\n• 1 tahun Rp. 7.000 ( private )\n\n🔮 *BSTATION*\n• 1 bulan shar Rp. 10.000\n• ⁠1 tahun shar Rp.25.500\n\n🔮 *VIU ANLIM*\n• 1 bulan Rp.9.000\n• ⁠2 bulan Rp.16.000\n• ⁠1 tahun Rp. 29.000\n\n🔮 *LOK-lok*\n• 1 bulan Rp. 10.000\n• ⁠1 tahun Rp. 22.000\n\n🔮 *PRIME VIDEO*\n• 1 bulan Rp. 9.000\n• ⁠3 bulan Rp. 22.000\n\n🔮 *HBO GO*\n• 1 bulan shar Rp. 11.500\n\n🔮 *DISNEY HOTSTAR*\n• 1 bulan plan basic Rp.27.000\n• ⁠1 bulan plan prem Rp.33.000\n\n🔮 *WETV ANLIM*\n• 1 bulan priv Rp.11.000\n• ⁠3 bulan priv Rp. 26.000\n\n🔮 *PISCART GOLD*\n• 1 bulan priv Rp. 13.000\n• ⁠2 bulan shar Rp. 22.000\n\n🔮 *CANVA PRO*\n• 1 bulan Rp. 6.000\n• ⁠1 tahun Rp. 22.000\n\n🔮 *NETFLIX*\n• 1 bulan 1p1u Rp. 33.000\n• ⁠1 bulan semi priv Rp. 40.000\n( acc seller fullgar 29-30days)\n\n✉️\nSemua bergaransi asalkan mengikuti snk\nProses maks 1x24jam no spam !!","url":"-"},{"keyword":"axis","text":"Silahkan cek harga disini 👇 https://brianzstore.kedaiq.com/kategori/pulsa-axis-585032\n\nUntuk melakukan pembayaran ketik : Payment \nApabila ingin order otomatis 24 jam di web, baca tutorial gambar diatas👆🏻\n\n*Harga dapat berubah sewaktu waktu, Selalu cek harga terlebih dahulu sebelum order*","url":"https://autoresbot.com/tmp_files/1a873b64-3152-4aa9-83c7-66e3593754c6.jpg"},{"keyword":"by.u","text":"Silahkan cek harga disini 👇 https://brianzstore.kedaiq.com/kategori/pulsa-by-u-585029\n\nUntuk melakukan pembayaran ketik : Payment \nApabila ingin order otomatis 24 jam di web, baca tutorial gambar diatas👆🏻\n\n*Harga dapat berubah sewaktu waktu, Selalu cek harga terlebih dahulu sebelum order*","url":"https://autoresbot.com/tmp_files/84d407e2-b981-4a9e-a19c-32c6ccb8b4c3.jpg"},{"keyword":"codm","text":"Silahkan cek harga disini 👇 https://brianzstore.kedaiq.com/kategori/call-of-duty-mobile-584859\n\nUntuk melakukan pembayaran ketik : Payment \nApabila ingin order otomatis 24 jam di web, baca tutorial gambar diatas👆🏻\n\n*Harga dapat berubah sewaktu waktu, Selalu cek harga terlebih dahulu sebelum order*","url":"https://autoresbot.com/tmp_files/62c8646c-7357-4f8f-9ab4-10f30d3555ad.jpg"},{"keyword":"coin lita","text":"Silahkan cek harga disini 👇 https://brianzstore.kedaiq.com/kategori/lita-coin-609233\n\nUntuk melakukan pembayaran ketik : Payment \nApabila ingin order otomatis 24 jam di web, baca tutorial gambar diatas👆🏻\n\n*Harga dapat berubah sewaktu waktu, Selalu cek harga terlebih dahulu sebelum order*","url":"https://autoresbot.com/tmp_files/18a38a84-36cf-484c-b0b3-b630772a4c60.jpg"},{"keyword":"dana","text":"Silahkan cek harga disini 👇 https://brianzstore.kedaiq.com/kategori/dana-584995\n\nUntuk melakukan pembayaran ketik : Payment \nApabila ingin order otomatis 24 jam di web, baca tutorial gambar diatas👆🏻\n\n*Harga dapat berubah sewaktu waktu, Selalu cek harga terlebih dahulu sebelum order*","url":"https://autoresbot.com/tmp_files/8032eb89-57a3-4119-bd7c-6ef32285c4fd.jpg"},{"keyword":"eggy party","text":"Silahkan cek harga disini 👇 https://brianzstore.kedaiq.com/kategori/eggy-party-593046\n\nUntuk melakukan pembayaran ketik : Payment \nApabila ingin order otomatis 24 jam di web, baca tutorial gambar diatas👆🏻\n\n*Harga dapat berubah sewaktu waktu, Selalu cek harga terlebih dahulu sebelum order*","url":"https://autoresbot.com/tmp_files/6f03f796-60a4-4cd3-af81-d4b135566563.jpg"},{"keyword":"emoney brizzi","text":"Silahkan cek harga disini 👇 https://brianzstore.kedaiq.com/kategori/e-money-brizzi-586959\n\nUntuk melakukan pembayaran ketik : Payment \nApabila ingin order otomatis 24 jam di web, baca tutorial gambar diatas👆🏻\n\n*Harga dapat berubah sewaktu waktu, Selalu cek harga terlebih dahulu sebelum order*","url":"https://autoresbot.com/tmp_files/a96084db-989a-446f-bfae-9501491df92d.jpg"},{"keyword":"emoney mandiri","text":"Silahkan cek harga disini 👇 https://brianzstore.kedaiq.com/kategori/e-money-mandiri-586960\n\nUntuk melakukan pembayaran ketik : Payment \nApabila ingin order otomatis 24 jam di web, baca tutorial gambar diatas👆🏻\n\n*Harga dapat berubah sewaktu waktu, Selalu cek harga terlebih dahulu sebelum order*","url":"https://autoresbot.com/tmp_files/a3421130-5f1a-40c4-bfe9-1f1ae34c4d0d.jpg"},{"keyword":"emoney tapcash bni","text":"Silahkan cek harga disini 👇 https://brianzstore.kedaiq.com/kategori/e-money-tapcash-bni-586963\n\nUntuk melakukan pembayaran ketik : Payment \nApabila ingin order otomatis 24 jam di web, baca tutorial gambar diatas👆🏻\n\n*Harga dapat berubah sewaktu waktu, Selalu cek harga terlebih dahulu sebelum order*","url":"https://autoresbot.com/tmp_files/93099828-e3c7-4312-8589-3dddb34dce31.jpg"},{"keyword":"fc mobile","text":"Silahkan cek harga disini 👇 https://brianzstore.kedaiq.com/kategori/fc-mobile-584864\n\nUntuk melakukan pembayaran ketik : Payment \nApabila ingin order otomatis 24 jam di web, baca tutorial gambar diatas👆🏻\n\n*Harga dapat berubah sewaktu waktu, Selalu cek harga terlebih dahulu sebelum order*","url":"https://autoresbot.com/tmp_files/d89d9cd4-8127-4279-bf7c-9a2fb112b883.jpg"},{"keyword":"ff","text":"Silahkan cek harga disini 👇 https://brianzstore.kedaiq.com/kategori/free-fire-584866\n\nUntuk melakukan pembayaran ketik : Payment \nApabila ingin order otomatis 24 jam di web, baca tutorial gambar diatas👆🏻\n\n*Harga dapat berubah sewaktu waktu, Selalu cek harga terlebih dahulu sebelum order*","url":"https://autoresbot.com/tmp_files/bff409d8-a738-44e0-8772-6cbe505c1f27.jpg"},{"keyword":"genshin","text":"Silahkan cek harga disini 👇 https://brianzstore.kedaiq.com/kategori/genshin-impact-584868\n\nUntuk melakukan pembayaran ketik : Payment \nApabila ingin order otomatis 24 jam di web, baca tutorial gambar diatas👆🏻\n\n*Harga dapat berubah sewaktu waktu, Selalu cek harga terlebih dahulu sebelum order*","url":"https://autoresbot.com/tmp_files/9c4f8d6c-92a0-4f97-8c05-23b1a07de839.jpg"},{"keyword":"gopay","text":"Silahkan cek harga disini 👇 https://brianzstore.kedaiq.com/kategori/gopay-584997\n\nUntuk melakukan pembayaran ketik : Payment \nApabila ingin order otomatis 24 jam di web, baca tutorial gambar diatas👆🏻\n\n*Harga dapat berubah sewaktu waktu, Selalu cek harga terlebih dahulu sebelum order*","url":"https://autoresbot.com/tmp_files/3a876108-a451-4192-8cf0-989cd6d73f6b.jpg"},{"keyword":"gopay driver","text":"Silahkan cek harga disini 👇 https://brianzstore.kedaiq.com/kategori/gopay-driver-584998\n\nUntuk melakukan pembayaran ketik : Payment \nApabila ingin order otomatis 24 jam di web, baca tutorial gambar diatas👆🏻\n\n*Harga dapat berubah sewaktu waktu, Selalu cek harga terlebih dahulu sebelum order*","url":"https://autoresbot.com/tmp_files/ec41578b-a84d-423b-ac77-04efb00c7a65.jpg"},{"keyword":"grab driver","text":"Silahkan cek harga disini 👇 https://brianzstore.kedaiq.com/kategori/grab-driver-584999\n\nUntuk melakukan pembayaran ketik : Payment \nApabila ingin order otomatis 24 jam di web, baca tutorial gambar diatas👆🏻\n\n*Harga dapat berubah sewaktu waktu, Selalu cek harga terlebih dahulu sebelum order*","url":"https://autoresbot.com/tmp_files/11d2fe10-89a8-4413-8194-86c247634e96.jpg"},{"keyword":"grab penumpang","text":"Silahkan cek harga disini 👇 https://brianzstore.kedaiq.com/kategori/grab-penumpang-587595\n\nUntuk melakukan pembayaran ketik : Payment \nApabila ingin order otomatis 24 jam di web, baca tutorial gambar diatas👆🏻\n\n*Harga dapat berubah sewaktu waktu, Selalu cek harga terlebih dahulu sebelum order*","url":"https://autoresbot.com/tmp_files/60cf9eae-1de8-4f31-a39c-a4b8263f1260.jpg"},{"keyword":"hok","text":"Silahkan cek harga disini 👇 https://brianzstore.kedaiq.com/kategori/honor-of-kings-584873\n\nUntuk melakukan pembayaran ketik : Payment \nApabila ingin order otomatis 24 jam di web, baca tutorial gambar diatas👆🏻\n\n*Harga dapat berubah sewaktu waktu, Selalu cek harga terlebih dahulu sebelum order*","url":"https://autoresbot.com/tmp_files/ae1e23cb-08e6-44e4-83a2-755f4be8038f.jpg"},{"keyword":"hsr","text":"Silahkan cek harga disini 👇 https://brianzstore.kedaiq.com/kategori/honkai-star-rail-584872\n\nUntuk melakukan pembayaran ketik : Payment \nApabila ingin order otomatis 24 jam di web, baca tutorial gambar diatas👆🏻\n\n*Harga dapat berubah sewaktu waktu, Selalu cek harga terlebih dahulu sebelum order*","url":"https://autoresbot.com/tmp_files/f91434fd-fb24-4247-b580-f32d7a74b14a.jpg"},{"keyword":"indosat","text":"Silahkan cek harga disini 👇 https://brianzstore.kedaiq.com/kategori/pulsa-indosat-585031\n\nUntuk melakukan pembayaran ketik : Payment \nApabila ingin order otomatis 24 jam di web, baca tutorial gambar diatas👆🏻\n\n*Harga dapat berubah sewaktu waktu, Selalu cek harga terlebih dahulu sebelum order*","url":"https://autoresbot.com/tmp_files/0571e1bb-541e-4f0b-9ba6-de8628de6859.jpg"},{"keyword":"isaku","text":"Silahkan cek harga disini 👇 https://brianzstore.kedaiq.com/kategori/isaku-585000\n\nUntuk melakukan pembayaran ketik : Payment \nApabila ingin order otomatis 24 jam di web, baca tutorial gambar diatas👆🏻\n\n*Harga dapat berubah sewaktu waktu, Selalu cek harga terlebih dahulu sebelum order*","url":"https://autoresbot.com/tmp_files/d592cf23-1b20-4e7d-86ee-50ca85fe1c29.jpg"},{"keyword":"linkaja","text":"Silahkan cek harga disini 👇 https://brianzstore.kedaiq.com/kategori/linkaja-584996\n\nUntuk melakukan pembayaran ketik : Payment \nApabila ingin order otomatis 24 jam di web, baca tutorial gambar diatas👆🏻\n\n*Harga dapat berubah sewaktu waktu, Selalu cek harga terlebih dahulu sebelum order*","url":"https://autoresbot.com/tmp_files/b141d757-9e20-40af-bedb-56ef6a879704.jpg"},{"keyword":"lol","text":"Silahkan cek harga disini 👇 https://brianzstore.kedaiq.com/kategori/league-of-legends-584874\n\nUntuk melakukan pembayaran ketik : Payment \nApabila ingin order otomatis 24 jam di web, baca tutorial gambar diatas👆🏻\n\n*Harga dapat berubah sewaktu waktu, Selalu cek harga terlebih dahulu sebelum order*","url":"https://autoresbot.com/tmp_files/95716a11-e229-41e9-9158-0e474dde776b.jpg"},{"keyword":"maxim driver","text":"Silahkan cek harga disini 👇 https://brianzstore.kedaiq.com/kategori/maxim-driver-587596\n\nUntuk melakukan pembayaran ketik : Payment \nApabila ingin order otomatis 24 jam di web, baca tutorial gambar diatas👆🏻\n\n*Harga dapat berubah sewaktu waktu, Selalu cek harga terlebih dahulu sebelum order*","url":"https://autoresbot.com/tmp_files/d5a5e2da-61f2-44f8-a358-67435e4b5e1c.jpg"},{"keyword":"maxim penumpang","text":"Silahkan cek harga disini 👇 https://brianzstore.kedaiq.com/kategori/maxim-penumpang-587597\n\nUntuk melakukan pembayaran ketik : Payment \nApabila ingin order otomatis 24 jam di web, baca tutorial gambar diatas👆🏻\n\n*Harga dapat berubah sewaktu waktu, Selalu cek harga terlebih dahulu sebelum order*","url":"https://autoresbot.com/tmp_files/cae4964f-e218-41cd-a988-f9aa62abff23.jpg"},{"keyword":"ml global","text":"Silahkan cek harga disini 👇 https://brianzstore.kedaiq.com/kategori/mlbb-global-603001\n\nUntuk melakukan pembayaran ketik : Payment \nApabila ingin order otomatis 24 jam di web, baca tutorial gambar diatas👆🏻\n\n*Harga dapat berubah sewaktu waktu, Selalu cek harga terlebih dahulu sebelum order*","url":"https://autoresbot.com/tmp_files/ffc14e4c-e90e-43d4-a17a-771d8192c904.jpg"},{"keyword":"ml indo","text":"Silahkan cek harga disini 👇 https://brianzstore.kedaiq.com/kategori/mobile-legends-584878\n\nUntuk melakukan pembayaran ketik : Payment \nApabila ingin order otomatis 24 jam di web, baca tutorial gambar diatas👆🏻\n\n*Harga dapat berubah sewaktu waktu, Selalu cek harga terlebih dahulu sebelum order*","url":"https://autoresbot.com/tmp_files/d2e8b461-5206-4b28-9a59-cc4e487e809a.jpg"},{"keyword":"ovo","text":"Silahkan cek harga disini 👇 https://brianzstore.kedaiq.com/kategori/ovo-585002\n\nUntuk melakukan pembayaran ketik : Payment \nApabila ingin order otomatis 24 jam di web, baca tutorial gambar diatas👆🏻\n\n*Harga dapat berubah sewaktu waktu, Selalu cek harga terlebih dahulu sebelum order*","url":"https://autoresbot.com/tmp_files/b44feac1-70dd-4956-8e9e-0b08d09bd54b.jpg"},{"keyword":"payment","text":"BACA SAMPAI BAWAH ‼️\n\nTRANSFER KESINI YA KAK 🫶🏻\n\nDANA = TF KE QRIS DOWNLOAD GAMBAR DIATAS\n\nOVO = 085854501918\nIKSAN FEBRIYANSYAH\n\nSHOPEEPAY = 085854501918\nIKSAN FEBRIANSYAH\n\nGOPAY = TF KE BLU BCA\n\n002968899302\nIKSAN FEBRIANSYAH\nBANK BCA DIGITAL/BLU BCA\n\nSEABANK = TF KE SHOPEEPAY\n\n312501068376535\nIKSAN FERBRIANSYAH\nBANK BRI\n\nVIA INDOMARET (CHAT ADMIN)\n\n( TF KE QRIS SELAIN DARI DANA? DI PROSES BESOK MALAM)\n\n*Note : setelah transfer sesuai harga produk, silahkan kirim bukti transfer & sebutkan produk yang ingin dibeli*\n\nJANGAN TF KE DANA DARI BANK !\nJANGAN TF KE OVO DARI BANK !","url":"https://autoresbot.com/tmp_files/c687be2f-ca23-49e5-a42e-0ea36f2f59f1.jpg"},{"keyword":"pb","text":"Silahkan cek harga disini 👇 https://brianzstore.kedaiq.com/kategori/point-blank-584880\n\nUntuk melakukan pembayaran ketik : Payment \nApabila ingin order otomatis 24 jam di web, baca tutorial gambar diatas👆🏻\n\n*Harga dapat berubah sewaktu waktu, Selalu cek harga terlebih dahulu sebelum order*","url":"https://autoresbot.com/tmp_files/86b246a4-6c28-420b-b77f-7f17ce831f56.jpg"},{"keyword":"pubg","text":"Silahkan cek harga disini 👇 https://brianzstore.kedaiq.com/kategori/pubg-mobile-584881\n\nUntuk melakukan pembayaran ketik : Payment \nApabila ingin order otomatis 24 jam di web, baca tutorial gambar diatas👆🏻\n\n*Harga dapat berubah sewaktu waktu, Selalu cek harga terlebih dahulu sebelum order*","url":"https://autoresbot.com/tmp_files/b2a7fc81-e21d-47c8-8c36-71adcd73b3fe.jpg"},{"keyword":"sewa roomtour","text":"❃ *Open All skin & All Hero*✅\n ❃ *History \"Tournamen\"*✅\n ❃ *Bisa View Samping Kaya MPL (Bisa Juga Cek Di Reply)*✅\n ❃ *Band Hero 10*✅\n ❃ *Sensasi Main Di Tournamen Resmi !*✅\n______________________________\n\n• *PRICE LIST ROOM TOURNAMEN* \n\n ❃ *1 Match: Rp.20.000*\n ❃ *1 Jam: Rp.35.000*\n\n______________________________\n\n• *NOTE*\n❃ Sebelum Order Harap Liat Dulu Jadwal Yang Tertera\n❃ Harap Boking Sebelum / Dari Jauh\" Hari\n\nSilahkan cek link dibawah untuk jadwal\n\nLink jadwal rt\nhttps://bit.ly/RoomRafly","url":"-"},{"keyword":"shopeepay","text":"Silahkan cek harga disini 👇 https://brianzstore.kedaiq.com/kategori/shopeepay-585003\n\nUntuk melakukan pembayaran ketik : Payment \nApabila ingin order otomatis 24 jam di web, baca tutorial gambar diatas👆🏻\n\n*Harga dapat berubah sewaktu waktu, Selalu cek harga terlebih dahulu sebelum order*","url":"https://autoresbot.com/tmp_files/49f30807-c6f5-4999-a10d-0741116252e7.jpg"},{"keyword":"sl card","text":"STARLIGHT VIA GIFT\nRp35.000\nDelay 7/8hari \n\n*NOTE ‼️*\n* dilarang unfoll/ganti nick sebelum digift, melanggar= hangus no refund.\n* Tanyakan stock ke admin sebelum order\n* ID Gift akan di berikan paling lambat 1x24 jam setelah transfer","url":"-"},{"keyword":"smartfren","text":"Silahkan cek harga disini 👇 https://brianzstore.kedaiq.com/kategori/pulsa-smartfren-585030\n\nUntuk melakukan pembayaran ketik : Payment \nApabila ingin order otomatis 24 jam di web, baca tutorial gambar diatas👆🏻\n\n*Harga dapat berubah sewaktu waktu, Selalu cek harga terlebih dahulu sebelum order*","url":"https://autoresbot.com/tmp_files/b1509662-0dad-41a2-a72f-17eb9a72a4c5.jpg"},{"keyword":"supersus","text":"Silahkan cek harga disini 👇 https://brianzstore.kedaiq.com/kategori/supersus-584887\n\nUntuk melakukan pembayaran ketik : Payment \nApabila ingin order otomatis 24 jam di web, baca tutorial gambar diatas👆🏻\n\n*Harga dapat berubah sewaktu waktu, Selalu cek harga terlebih dahulu sebelum order*","url":"https://autoresbot.com/tmp_files/27dc9de6-b0d8-455b-b4ad-fb80311a85d4.jpg"},{"keyword":"telkomsel","text":"Silahkan cek harga disini 👇 https://brianzstore.kedaiq.com/kategori/pulsa-telkomsel-585027\n\nUntuk melakukan pembayaran ketik : Payment \nApabila ingin order otomatis 24 jam di web, baca tutorial gambar diatas👆🏻\n\n*Harga dapat berubah sewaktu waktu, Selalu cek harga terlebih dahulu sebelum order*","url":"https://autoresbot.com/tmp_files/ff3fdbcf-f3c8-4d47-aa41-5ac11fd76ec3.jpg"},{"keyword":"token listrik","text":"Silahkan cek harga disini 👇 https://brianzstore.kedaiq.com/kategori/token-listrik-585109\n\nUntuk melakukan pembayaran ketik : Payment \nApabila ingin order otomatis 24 jam di web, baca tutorial gambar diatas👆🏻\n\n*Harga dapat berubah sewaktu waktu, Selalu cek harga terlebih dahulu sebelum order*","url":"https://autoresbot.com/tmp_files/97a2b754-1f00-466f-a842-4aba6fbe55e7.jpg"},{"keyword":"tri","text":"Silahkan cek harga disini 👇 https://brianzstore.kedaiq.com/kategori/pulsa-tri-585033\n\nUntuk melakukan pembayaran ketik : Payment \nApabila ingin order otomatis 24 jam di web, baca tutorial gambar diatas👆🏻\n\n*Harga dapat berubah sewaktu waktu, Selalu cek harga terlebih dahulu sebelum order*","url":"https://autoresbot.com/tmp_files/03a49d0f-bedb-4df4-b726-742b9f9cbe27.jpg"},{"keyword":"wdp global","text":"Silahkan cek harga disini 👇 https://brianzstore.kedaiq.com/kategori/mlbb-weekly-global-603007\n\nUntuk melakukan pembayaran ketik : Payment \nApabila ingin order otomatis 24 jam di web, baca tutorial gambar diatas👆🏻\n\n*Harga dapat berubah sewaktu waktu, Selalu cek harga terlebih dahulu sebelum order*","url":"https://autoresbot.com/tmp_files/52c0f95d-2323-4e5f-9dea-e3c5f53fcf85.jpg"},{"keyword":"wdp indo","text":"Silahkan cek harga disini 👇 https://brianzstore.kedaiq.com/kategori/mlbb-membership-603004\n\nUntuk melakukan pembayaran ketik : Payment \nApabila ingin order otomatis 24 jam di web, baca tutorial gambar diatas👆🏻\n\n*Harga dapat berubah sewaktu waktu, Selalu cek harga terlebih dahulu sebelum order*","url":"https://autoresbot.com/tmp_files/765c0011-1e3f-41f2-b218-ac60d2c21ada.jpg"},{"keyword":"xl","text":"Silahkan cek harga disini 👇 https://brianzstore.kedaiq.com/kategori/pulsa-xl-585028\n\nUntuk melakukan pembayaran ketik : Payment \nApabila ingin order otomatis 24 jam di web, baca tutorial gambar diatas👆🏻\n\n*Harga dapat berubah sewaktu waktu, Selalu cek harga terlebih dahulu sebelum order*","url":"https://autoresbot.com/tmp_files/a00d4bbc-5fec-49a5-a7c1-29010e571462.jpg"},{"keyword":"zepeto","text":"Silahkan cek harga disini 👇 https://brianzstore.kedaiq.com/kategori/zepeto-584889\n\nUntuk melakukan pembayaran ketik : Payment \nApabila ingin order otomatis 24 jam di web, baca tutorial gambar diatas👆🏻\n\n*Harga dapat berubah sewaktu waktu, Selalu cek harga terlebih dahulu sebelum order*","url":"https://autoresbot.com/tmp_files/c5dc60ba-0ca6-4796-b920-78c49784f130.jpg"}],"120363022834811725@g.us":[{"keyword":"mla","text":"Mobile Legends Indonesia\n- Proses : 1-10 Min (Max 3Jam Kalo Overload)\n- Status : Open ✅\n\n\n5 Diamonds = Rp 1.464\n12 Diamonds = Rp 3.412\n17 Diamonds = Rp 5.001\n19 Diamonds = Rp 5.362\n28 Diamonds = Rp 7.799\n33 Diamonds = Rp 9.517\n44 Diamonds = Rp 11.696\n54 Diamonds = Rp 14.610\n59 Diamonds = Rp 15.595\n71 Diamonds = Rp 19.006\n85 Diamonds = Rp 22.067\n113 Diamonds = Rp 29.744\n170 Diamonds = Rp 44.136\n219 Diamonds = Rp 59.486\n240 Diamonds = Rp 62.366\n276 Diamonds = Rp 74.811\n284 Diamonds = Rp 76.263\n296 Diamonds = Rp 77.064\n301 Diamonds = Rp 78.481\n355 Diamonds = Rp 94.311\n367 Diamonds = Rp 97.630\n408 Diamonds = Rp 106.588\n432 Diamonds = Rp 113.226\n515 Diamonds = Rp 134.766\n568 Diamonds = Rp 143.905\n601 Diamonds = Rp 151.529\n686 Diamonds = Rp 175.449\n702 Diamonds = Rp 182.287\n717 Diamonds = Rp 187.090\n750 Diamonds = Rp 195.665\n760 Diamonds = Rp 198.500\n830 Diamonds = Rp 206.478\n875 Diamonds = Rp 224.683\n1004 Diamonds = Rp 260.047\n1050 Diamonds = Rp 273.941\n1220 Diamonds = Rp 320.608\n1411 Diamonds = Rp 367.566\n1448 Diamonds = Rp 372.606\n1711 Diamonds = Rp 433.425\n1835 Diamonds = Rp 464.286\n2010 Diamonds = Rp 480.363\n2048 Diamonds = Rp 491.805\n2156 Diamonds = Rp 525.464\n2195 Diamonds = Rp 535.456\n2975 Diamonds = Rp 726.384\n3410 Diamonds = Rp 840.198\n4025 Diamonds = Rp 965.144\n4830 Diamonds = Rp 1.160.748\nWeekly Pass = Rp 27.426","url":"-"},{"keyword":"ff","text":"Harga - Free Fire Indonesia\n\n5 Diamonds = Rp 850\n10 Diamonds = Rp 1.683\n20 Diamonds = Rp 3.266\n50 Diamonds = Rp 6.532\n70 Diamonds = Rp 9.007\n100 Diamonds = Rp 13.664\n140 Diamonds = Rp 18.413\n150 Diamonds = Rp 19.996\n210 Diamonds = Rp 27.120\n280 Diamonds = Rp 35.826\n355 Diamonds = Rp 44.533\n425 Diamonds = Rp 53.239\n495 Diamonds = Rp 62.946\n500 Diamonds = Rp 63.737\n720 Diamonds = Rp 89.065\n860 Diamonds = Rp 107.478\n1000 Diamonds = Rp 125.891\n1075 Diamonds = Rp 135.598\n1440 Diamonds = Rp 179.130\n1450 Diamonds = Rp 180.713\n2160 Diamonds = Rp 266.196\n2180 Diamonds = Rp 269.362\n7290 Diamonds = Rp 880.652\n36500 Diamonds = Rp 4.360.261\n73100 Diamonds = Rp 8.750.522\nBP Card = Rp 40.575\nLevel Up Pass = Rp 13.892\nMember Bulanan = Rp 83.150\nMember Mingguan = Rp 27.383","url":"-"},{"keyword":"mlc","text":"_Mobile Legend *Khusus ID Brazil*, Selain Brazil Auto Gagal!_\n\n86 Diamonds = Rp 15.138\n172 Diamonds = Rp 29.277\n344 Diamonds = Rp 58.553\n516 Diamonds = Rp 86.830\n706 Diamonds = Rp 118.106\n1346 Diamonds = Rp 222.205\n1825 Diamonds = Rp 292.897\n2195 Diamonds = Rp 349.450\n3688 Diamonds = Rp 575.662\n5532 Diamonds = Rp 858.559\n9288 Diamonds = Rp 1.430.221\nWeekly Pass       = Rp 19.066","url":"-"},{"keyword":"mlb","text":"Harga - Mobile Legends Luar Indonesia\n\n86 Diamonds = Rp 18.978\n172 Diamonds = Rp 36.663\n257 Diamonds = Rp 52.888\n343 Diamonds = Rp 70.865\n344 Diamonds = Rp 72.326\n429 Diamonds = Rp 88.551\n514 Diamonds = Rp 104.776\n600 Diamonds = Rp 122.753\n706 Diamonds = Rp 143.314\n792 Diamonds = Rp 160.291\n878 Diamonds = Rp 177.977\n963 Diamonds = Rp 194.201\n1050 Diamonds = Rp 213.640\n1135 Diamonds = Rp 230.864\n1220 Diamonds = Rp 247.089\n1412 Diamonds = Rp 284.627\n1584 Diamonds = Rp 319.290\n1669 Diamonds = Rp 335.515\n1756 Diamonds = Rp 355.953\n1841 Diamonds = Rp 375.178\n2195 Diamonds = Rp 428.741\n2539 Diamonds = Rp 500.067\n2901 Diamonds = Rp 572.055\n3073 Diamonds = Rp 607.718\n3688 Diamonds = Rp 714.584\n4394 Diamonds = Rp 853.897\n5532 Diamonds = Rp 1.078.891\n6238 Diamonds = Rp 1.220.205\n7727 Diamonds = Rp 1.505.632\n9288 Diamonds = Rp 1.790.013\nWeekly Pass       = Rp 23.216","url":"-"},{"keyword":"payment","text":"*DAFTAR PEMBAYARAN* : \n\n➡ DANA : 081265073984 ✅\n➡ GOPAY : 083895415155 ✅\n➡ OVO : 081265073984 ✅\n       (Bank Ke Ovo +1000)\n➡ SHOPEEPAY : 083895415155 ✅\n*SEMUA PEMBAYARAN ATAS NAMA ABDI SATRYA*\n\n*NB : Bank ke e-wallet menggunakan virtual account +500 Perak!*","url":"-"},{"keyword":"pubg","text":"PUBG MOBILE ALL REGION\t\t\t\n* Proses : 1-60 MENIT||VIA USER ID\t\t\t\n* Status : OPEN✅\t\t\t\n▰ ▱ ▰ ▱ ▰ ▱ ▰ ▱ ▰ ▱ ▰ ▱ ▰\t\t\t\n💵UC\t60\t:\tRp14.484\n💵UC\t325\t:\tRp72.423\n💵UC\t660\t:\tRp144.845\n💵UC\t1800\t:\tRp362.113\n💵UC\t3850\t:\tRp724.225\n💵UC\t8100\t:\tRp1.448.451\n*FORMAT ORDER - [PUBG]*\t\t\t\nNICKNAME :\t\t\t\nID :\t\t\t\nREGION :\t\t\t\nORDER UC :","url":"-"}],"120363182051944950@g.us":[{"keyword":"apk prem","text":"*APK PREMIUM*\n\n🔮 *YOUTUBE FAMPLAN*\n• 1 bulan Rp. 6.500\n• ⁠2 bulan Rp. 11.000\n( famplan via invt )\n\n🔮 *AM PREM*\n• 1 tahun Rp. 7.000 ( private )\n\n🔮 *BSTATION*\n• 1 bulan shar Rp. 10.000\n• ⁠1 tahun shar Rp.25.500\n\n🔮 *VIU ANLIM*\n• 1 bulan Rp.9.000\n• ⁠2 bulan Rp.16.000\n• ⁠1 tahun Rp. 29.000\n\n🔮 *LOK-lok*\n• 1 bulan Rp. 10.000\n• ⁠1 tahun Rp. 22.000\n\n🔮 *PRIME VIDEO*\n• 1 bulan Rp. 9.000\n• ⁠3 bulan Rp. 22.000\n\n🔮 *HBO GO*\n• 1 bulan shar Rp. 11.500\n\n🔮 *DISNEY HOTSTAR*\n• 1 bulan plan basic Rp.27.000\n• ⁠1 bulan plan prem Rp.33.000\n\n🔮 *WETV ANLIM*\n• 1 bulan priv Rp.11.000\n• ⁠3 bulan priv Rp. 26.000\n\n🔮 *PISCART GOLD*\n• 1 bulan priv Rp. 13.000\n• ⁠2 bulan shar Rp. 22.000\n\n🔮 *CANVA PRO*\n• 1 bulan Rp. 6.000\n• ⁠1 tahun Rp. 22.000\n\n✉️\nSemua bergaransi asalkan mengikuti snk\nProses maks 1x24jam no spam !!","url":"-"},{"keyword":"payment","text":"BACA SAMPAI BAWAH ‼️\n\nTRANSFER KESINI YA KAK 🫶🏻\n\nDANA = TF KE QRIS DOWNLOAD GAMBAR DIATAS\n\nOVO = 085854501918\nIKSAN FEBRIYANSYAH\n\nSHOPEEPAY = 085854501918\nIKSAN FEBRIANSYAH\n\nGOPAY = TF KE BLU BCA\n\n002968899302\nIKSAN FEBRIANSYAH\nBANK BCA DIGITAL/BLU BCA\n\nSEABANK = TF KE SHOPEEPAY\n\n312501068376535\nIKSAN FERBRIANSYAH\nBANK BRI\n\nVIA INDOMARET (CHAT ADMIN)\n\n( TF KE QRIS SELAIN DARI DANA? DI PROSES BESOK MALAM)\n\n*Note : setelah transfer sesuai harga produk, silahkan kirim bukti transfer & sebutkan produk yang ingin dibeli*\n\nJANGAN TF KE DANA DARI BANK !\nJANGAN TF KE OVO DARI BANK !","url":"https://autoresbot.com/tmp_files/d4ecf90e-b0c6-45e0-9f9a-a729c6b60bd3.jpg"},{"keyword":"sewa roomtour","text":"❃ *Open All skin & All Hero*✅\n ❃ *History \"Tournamen\"*✅\n ❃ *Bisa View Samping Kaya MPL (Bisa Juga Cek Di Reply)*✅\n ❃ *Band Hero 10*✅\n ❃ *Sensasi Main Di Tournamen Resmi !*✅\n______________________________\n\n• *PRICE LIST ROOM TOURNAMEN* \n\n ❃ *1 Match: Rp.20.000*\n ❃ *1 Jam: Rp.35.000*\n\n______________________________\n\n• *NOTE*\n❃ Sebelum Order Harap Liat Dulu Jadwal Yang Tertera\n❃ Harap Boking Sebelum / Dari Jauh\" Hari\n\nSilahkan cek link dibawah untuk jadwal\n\nLink jadwal rt\nhttps://bit.ly/RoomRafly","url":"-"}],"120363202378827072@g.us":[{"keyword":"promo","text":"$ PROMO PUBG\n\n325 uc — 50.000\n660 uc — 95.000\n- bisa kelipatan \n- ⁠proses slow\n\n$ PROMO ML\n\n#promo semifast - max 3 jam, sesuai antrian\n\n278💎 68.000\n556💎 136.000\n834💎 204.000\n1112💎 272.000\n1390💎 340.000\n\n295💎 68.000 - clear misi 250\n354💎 83.000 \n472💎 110.000\n590💎 136.000 - clear misi 500\n885💎 204.000\n1180💎 272.000 - clear misi 1000\n1770💎 420.000\n2360💎 560.000\n2950💎 700.000\n3245💎 770.000\n3540💎 840.000\n\n132💎 29.000\n308💎 65.000 - clear misi 250\n440💎 94.000\n528💎 115.000\n572💎 123.500 - clear misi 500\n748💎 160.000\n1012💎 220.000\n1100💎 235.000 - clear misi 1000\n1320💎 283.000\n1540💎 325.000\n1760💎 368.000\n1980💎 420.000\n2200💎 460.000\n3080💎 640.000\n\nberlaku kelipatan\nkoid reff\nbuy = sabar karna slow proses\njumlah dm lain tanyakan saja","url":"-"},{"keyword":"wdp","text":"promo\nwdp indo 24.900 max tumpuk 2\n\nwdp indo 26.000\nwdp brl 17.500\nwdp luar/turki 20.300\n\npromo wdp indo - 24.800 \n(setiap jumat jam 12-habis wib)","url":"-"},{"keyword":"pubg","text":"uc pubg region indo\n\n30 💴 Rp 6.950\n60 💴 Rp 13.400\n325 💴 Rp 62.570\n660 💴 Rp 123.105\n1800 💴 Rp 305.780\n3850 💴 Rp 610.595\n8100 💴 Rp 1.205.155\n\nbisa dikombinasikan","url":"-"},{"keyword":"link antrian","text":"bisa cek di link di bawah ini 🫶\n\n*ANTRIAN GIFT SKIN*\n\nhttps://docs.google.com/spreadsheets/d/1MjasKCwJE9xOdPATImOmtlhwz5zWu8JZclD3h9eitYk/edit?usp=sharing\n\n*ANTRIAN PO HARIAN*\nhttps://docs.google.com/spreadsheets/d/1-GAWykNAk9UyterBoyBkiNwTb4Ph_LzJOquaX-FsB10/edit\n\n*ANTRIAN PO WDP MALAM*\n\nhttps://docs.google.com/spreadsheets/d/1-3y7h7hxNHmHUiNYBap-3f2CzrbeRIf0IgM3wy1O-co/edit","url":"-"},{"keyword":"rincian dm","text":"*RINCIAN DIAMOND MOBILE LEGENDS*\n\n💎86 = 78 + 8\n💎172 = 156 + 16 \n💎257 = 234 + 23 \n💎344 = 312 + 32 \n💎429 = 390 + 39\n💎514 = 468 + 46\n💎600 = 546 + 54\n💎706 = 625 + 81\n💎878 = 781 + 97\n💎963 = 859 + 104\n💎1050 = 937 + 113\n💎1220 = 1093 + 127\n💎1412 = 1250 + 162 \n💎2195 = 1860 + 335\n💎3073 = 2641 + 432\n💎3688 = 3099 + 599\n💎5532 = 4649 + 883\n💎6238 = 5274 + 964 \n💎9288 = 7740 + 1548\n\n💎3 = 3 + 0\n💎5 = 5 + 0\n💎14 = 13 + 1 \n💎42 = 38 + 4\n💎56 = 51 + 5\n💎70 = 64 + 6 \n💎112 = 102 + 10\n💎140 = 127 + 13\n💎284 = 254 + 30 \n💎300 = 275 + 25 \n💎355 = 317 + 38 \n💎716 = 633 + 83\n💎1446 = 1252 + 194\n💎2976 = 2501 + 475 \n\n19💎 = 17 + 2\n28💎 = 25 + 3\n44💎 = 40 + 4\n59💎 = 53 + 6\n85💎 = 77 + 8\n170💎 = 154 + 16\n240💎 = 217 + 13\n296💎 = 256 + 40\n408💎 = 367 + 41\n568💎 = 503 + 65\n875💎 = 774 + 101\n2010💎 = 1708 + 302\n4830💎 = 4003 + 827\n\nNote :\n- Nominal kecil dibelakang itu adalah bonus (tidak terhitung event)","url":"-"},{"keyword":"payment","text":"✿ all ewallet - dana shopee gopay\n089512538428\n\n✿ 1090020234860 - mandiri\n\n✿ 901691032366 - seabank \n\n✿ 008952403846 - blu bca\n\ndana ke dana +100\nbank ke dana +500\nbank ke e-wallet +1000\n\nsemua atas nama Nur Najmi","url":"-"},{"keyword":"dm ml luar","text":"86 Diamonds = Rp 17.533\r\n172 Diamonds = Rp 37.000\r\n257 Diamonds = Rp 53.587\n344 Diamonds = Rp 70.976\n429 Diamonds = Rp 88.527\n516 Diamonds = Rp 105.557\r\n706 Diamonds = Rp 142.735\n1346 Diamonds = Rp 267.291\r\n3688 Diamonds = Rp 701.692\r\n5532 Diamonds = Rp 1.053.480\n9288 Diamonds = Rp 1.749.956\r\n\n- selain indo dan brazil\n- ⁠via id \n- ⁠fast","url":"-"},{"keyword":"roomtour","text":"PRICELIST ROOMTOUR\n\n07:00 - 18:00\n15.000 PERMATCH — 30 menit\n25.000 PERJAM — 60 menit \n\n18:00 - 07:00\n18.000 PERMATCH — 30 menit\n32.000 PERJAM — 60 menit\n\nJADWAL ROOMTOUR\nhttps://docs.google.com/file/d/1K3VLeJXJBUeEK9gWL1jy100U429MikB3/edit?usp=docslist_api&filetype=msexcel\n\nnote :\n- sebelum order harap cek jadwal dulu\n- ⁠sistem bayar > ambil jadwal > play","url":"-"},{"keyword":"sl","text":"starlight desember \n\nsl basic  30.000\nsl prem  70.000\n\n-------------------\npo sl januari\n\nsl basic - 29.000\nsl prem - 70.000\n\nvia id diamond\n302💎 73.000\n750💎 180.000\n\n- dikirim berteman 8 hari, kalau lebih akan dikonfimrasi\n- ⁠tanyakan stok terlebih dahulu","url":"-"},{"keyword":"sq","text":"SEWA SQUAD VERIF\n\n- 3 HARI 20.000\n- ⁠7 HARI 35.000\n- ⁠14 HARI 45.000\n- ⁠30 HARI 60.000\n- ⁠1 SEASON 170.000\n\nnoted : \n- WAJIB TANYAKAN STOK\n- ⁠OUT SQUAD HANGUS\n- GANTI NAMA KABARIN\n- KEKICK KARNA CN GA KONFIRMASI TERUS MAU MASUK LAGI KENA DENDA 15K\n- GAKBISA GANTI AKUN/SQUAD","url":"-"},{"keyword":"like ml","text":"*LIKE ALBUM/PROFIL*\n\n~ 50 like = Rp. 5.000\n~ 100 like = Rp. 8.000\n~ 150 like = Rp. 12.000\n~ 200 like = Rp. 17.000\n\n*BOOST VIEW ALBUM*\n\n~ 5k view album = Rp 5.000\n~ 10k view album = Rp 8.000\n~ 15k view album = Rp 12.000\n~ 20k view album = Rp 15.000\n\nNote:\n- hanya bisa memilih salah satu untuk like (album/profil)\n- kirim nick dan id\n- order sesuai antrian, sabar","url":"-"},{"keyword":"dm ml","text":"Harga - Mobile Legends\n\n5 Diamonds (5 + 0) = Rp 1.420\n10 Diamonds (10+0) = Rp 2.840\n19 Diamonds (17+2) = Rp 5.754\n59 Diamonds (53 + 6) = Rp 15.162\n85 Diamonds (77 + 8) = Rp 21.817\n113 Diamonds (102 + 11) = Rp 29.398\n170 Diamonds (154 + 16) = Rp 43.598\n172 Diamonds ( 156 + 16) = Rp 44.822\n240 Diamonds (217 + 23) = Rp 61.955\n257 Diamonds (234 + 23) = Rp 66.899\n278 Diamonds (251 + 27) = Rp 72.473\n284 Diamonds (257 + 27) = Rp 73.324\n296 Diamonds (256 + 40) = Rp 75.892\n301 Diamonds (261 + 40) = Rp 78.268\n344 Diamonds (311 + 33) = Rp 89.381\n355 Diamonds (309 + 46) = Rp 91.833\n408 Diamonds (367 + 41) = Rp 104.939\n429 Diamonds (388 + 41) = Rp 112.686\n516 Diamonds ( 465 + 51) = Rp 132.992\n568 Diamonds (503 + 65) = Rp 144 .969\n600 Diamonds (534 + 66) = Rp 152.893\n706 diamonds ( 625+81) = Rp 179.924\n716 Diamonds (637 + 79) = Rp 183.376\n875 Diamonds (774 + 101) = Rp 220.534\n965 Diamonds (854+109) = Rp 244.627\n1050 Diamonds (933+117) = Rp 267.564\n1221 Diamonds (1079+141) = Rp 308.657\n1412 Diamonds (1258+154) = Rp 357.687\n1448 Diamonds (1277 + 166) = Rp 363.000\n2010 Diamonds (1708 + 302) = Rp 475.873\n2195 Diamonds (1877 + 318) = Rp 523.741\n2578 Diamonds (2211 + 367) = Rp 614.961\n3453 Diamonds (2985 + 468) = Rp 832.559\n3688 Diamonds (3099 + 589) = Rp 898.749\n3738 Diamonds (3247 + 491) = Rp 912.321\n4020 Diamonds (3416 + 604) = Rp 953.862\n4588 Diamonds (3919 + 669) = Rp 1.093.953\n4830 Diamonds (4003 + 827) = Rp 1.139.827\n5532 Diamonds (4903 + 629) = Rp 1.321.861\n6030 Diamonds (5124 + 906) = Rp 1.446.872","url":"-"},{"keyword":"ff","text":"dm ff\n\n20💎 Rp3.624\n50💎 Rp6.868 \n70💎 Rp9.520\n100💎 Rp13.425\n140💎 Rp18.210\n210💎 Rp26.525\n355💎 Rp44.529\n500💎 Rp62.315\n720💎 Rp87.094\n1000💎 Rp122.302\n1450💎 Rp173.152\n2000💎 Rp244.205\n2180💎 Rp259.245\n3640💎 Rp429.397\n7290💎 Rp858.793\n \n- bisa dikombinasikan\n- ⁠harap tanyakan stok terlebih dahulu","url":"-"}],"120363367369090432@g.us":[{"keyword":"tes","text":"apa","url":"-"}],"120363319837641480@g.us":[{"keyword":"mla","text":"𝐃𝐢𝐚𝐦𝐨𝐧𝐝 𝐌𝐋𝐁𝐁 𝐅𝐚𝐬𝐭 𝐀\n\n💎 85 = Rp 23.000\n💎 170 = Rp 45.000\n💎 259 = Rp 69.000\n💎 340 = Rp 80.000\n💎 427 = Rp 112.000\n💎 512 = Rp 135.000\n💎 601 = Rp 155.000\n💎 712 = Rp 183.000\n💎 738 = Rp 189.000\n💎 875 = Rp 222.000\n💎 960 = Rp 243.000\n💎 1045 = Rp 266.000\n💎 1283 = Rp 326.000\n💎 1443 = Rp 364.000\n💎 2250 = Rp 538.000\n💎 2970 = Rp 713.000\n💎 3760 = Rp 908.000\n💎 5568 = Rp 1.321.000\n💎 6030 = Rp 1.418.000\n💎 8040 = Rp 1.887.000\n💎 9660 = Rp 2.263.000\n\n𝗡𝗼𝘁𝗲‼️\n- 𝙋𝙖𝙨𝙩𝙞𝙠𝙖𝙣 𝙐𝙨𝙚𝙧 𝙄𝘿 (𝙨𝙚𝙧𝙫𝙚𝙧) 𝙮𝙖𝙣𝙜 𝙙𝙞𝙗𝙚𝙧𝙞𝙠𝙖𝙣 𝙨𝙪𝙙𝙖𝙝 𝙗𝙚𝙣𝙖𝙧, 𝙖𝙥𝙖𝙗𝙞𝙡𝙖 𝙖𝙙𝙖 𝙠𝙚𝙨𝙖𝙡𝙖𝙝𝙖𝙣 𝙙𝙖𝙡𝙖𝙢 𝙢𝙚𝙢𝙗𝙚𝙧𝙞𝙠𝙖𝙣 𝙐𝙨𝙚𝙧 𝙄𝘿 (𝙨𝙚𝙧𝙫𝙚𝙧) 𝙗𝙪𝙠𝙖𝙣 𝙩𝙖𝙣𝙜𝙜𝙪𝙣𝙜 𝙟𝙖𝙬𝙖𝙗 𝘼𝙙𝙢𝙞𝙣\n- 𝙋𝙧𝙤𝙨𝙚𝙨 1 - 10 𝙈𝙚𝙣𝙞𝙩 (𝙈𝙖𝙭 1 𝙭 24 𝙟𝙖𝙢, 𝙖𝙥𝙖𝙗𝙞𝙡𝙖 𝙖𝙙𝙖 𝙠𝙚𝙣𝙙𝙖𝙡𝙖 𝙬𝙚𝙗 𝙙𝙚𝙡𝙖𝙮)\n- 𝙇𝙚𝙜𝙖𝙡 100%","url":"-"},{"keyword":"mlb","text":"𝐃𝐢𝐚𝐦𝐨𝐧𝐝 𝐌𝐋𝐁𝐁 𝐅𝐚𝐬𝐭 𝐁\n\n💎5       = Rp 1.900\n💎10     = Rp 3.600\n💎12     = Rp 4.000\n💎19     = Rp 6.000\n💎28     = Rp 8.200\n💎36     = Rp 10.800\n💎44     = Rp 12.400\n💎59     = Rp 16.000\n💎71     = Rp 19.200\n💎103   = Rp 28.000\n💎113   = Rp 31.000\n💎129   = Rp 35.000\n💎229   = Rp 61.000\n💎240   = Rp 65.000\n💎284   = Rp 77.000\n💎296   = Rp 80.000\n💎301   = Rp 81.500\n💎408   = Rp 110.000\n💎568   = Rp 148.000\n💎1171 = Rp 300.000\n💎2010 = Rp 481.000\n💎4020 = Rp 958.000\n💎4830 = Rp 1.150.000\n\n𝗡𝗼𝘁𝗲‼️\n- 𝙋𝙖𝙨𝙩𝙞𝙠𝙖𝙣 𝙐𝙨𝙚𝙧 𝙄𝘿 (𝙨𝙚𝙧𝙫𝙚𝙧) 𝙮𝙖𝙣𝙜 𝙙𝙞𝙗𝙚𝙧𝙞𝙠𝙖𝙣 𝙨𝙪𝙙𝙖𝙝 𝙗𝙚𝙣𝙖𝙧, 𝙖𝙥𝙖𝙗𝙞𝙡𝙖 𝙖𝙙𝙖 𝙠𝙚𝙨𝙖𝙡𝙖𝙝𝙖𝙣 𝙙𝙖𝙡𝙖𝙢 𝙢𝙚𝙢𝙗𝙚𝙧𝙞𝙠𝙖𝙣 𝙐𝙨𝙚𝙧 𝙄𝘿 (𝙨𝙚𝙧𝙫𝙚𝙧) 𝙗𝙪𝙠𝙖𝙣 𝙩𝙖𝙣𝙜𝙜𝙪𝙣𝙜 𝙟𝙖𝙬𝙖𝙗 𝘼𝙙𝙢𝙞𝙣\n- 𝙋𝙧𝙤𝙨𝙚𝙨 1 - 10 𝙈𝙚𝙣𝙞𝙩 (𝙈𝙖𝙭 1 𝙭 24 𝙟𝙖𝙢, 𝙖𝙥𝙖𝙗𝙞𝙡𝙖 𝙖𝙙𝙖 𝙠𝙚𝙣𝙙𝙖𝙡𝙖 𝙬𝙚𝙗 𝙙𝙚𝙡𝙖𝙮)\n- 𝙇𝙚𝙜𝙖𝙡 100%","url":"-"},{"keyword":"sl","text":"𝐒𝐭𝐚𝐫𝐥𝐢𝐠𝐡𝐭 𝐌𝐋𝐁𝐁\n\n- 𝚂𝚝𝚊𝚛𝚕𝚒𝚐𝚑𝚝 𝙱𝚊𝚜𝚒𝚌\n Rp 40.000 (𝙋𝙧𝙚 𝙊𝙧𝙙𝙚𝙧 𝙨𝙚𝙗𝙚𝙡𝙪𝙢 𝙗𝙪𝙡𝙖𝙣𝙣𝙮𝙖)✅️\n Rp 45.000 (𝙎𝙖𝙖𝙩 𝙨𝙩𝙖𝙧𝙡𝙞𝙜𝙝𝙩 𝙨𝙪𝙙𝙖𝙝 𝙧𝙚𝙡𝙚𝙖𝙨𝙚)✅️\n\n- 𝚂𝚝𝚊𝚛𝚕𝚒𝚐𝚑𝚝 𝙿𝚛𝚎𝚖𝚒𝚞𝚖\n Rp 95.000 (𝙃𝙖𝙧𝙜𝙖 𝙋𝙊 𝙙𝙖𝙣 𝙨𝙖𝙖𝙩 𝙎𝙇 𝙨𝙪𝙙𝙖𝙝 𝙧𝙚𝙡𝙚𝙖𝙨𝙚 𝙨𝙖𝙢𝙖)✅️\n\n𝗡𝗼𝘁𝗲‼️\n- 𝘿𝙞𝙡𝙖𝙧𝙖𝙣𝙜 𝙪𝙣𝙛𝙤𝙡𝙡 𝙖𝙠𝙪𝙣 𝙜𝙞𝙛𝙩!! 𝙩𝙞𝙙𝙖𝙠 𝙨𝙚𝙣𝙜𝙖𝙟𝙖 𝙪𝙣𝙛𝙤𝙡𝙡? 𝙆𝙖𝙗𝙖𝙧𝙞 𝙖𝙙𝙢𝙞𝙣 𝙨𝙚𝙜𝙚𝙧𝙖.\n- 𝘿𝙞𝙡𝙖𝙧𝙖𝙣𝙜 𝙘𝙝𝙖𝙣𝙜𝙚 𝙣𝙞𝙘𝙠/𝙜𝙖𝙣𝙩𝙞 𝙣𝙖𝙢𝙖, 𝙠𝙖𝙡𝙖𝙪 𝙘𝙝𝙖𝙣𝙜𝙚 𝙣𝙞𝙘𝙠 𝙨𝙚𝙜𝙚𝙧𝙖 𝙠𝙖𝙗𝙖𝙧𝙞 𝙖𝙙𝙢𝙞𝙣 𝙖𝙜𝙖𝙧 𝙨𝙖𝙖𝙩 𝙥𝙧𝙤𝙨𝙚𝙨 𝙜𝙞𝙛𝙩 𝙩𝙞𝙙𝙖𝙠 𝙠𝙚𝙗𝙞𝙣𝙜𝙪𝙣𝙜𝙖𝙣\n- 𝘿𝙚𝙡𝙖𝙮 𝙜𝙞𝙛𝙩 𝙨𝙩𝙖𝙧𝙡𝙞𝙜𝙝𝙩 7-8 𝙝𝙖𝙧𝙞\n- 𝙇𝙚𝙗𝙞𝙝 𝙙𝙖𝙧𝙞 8 𝙝𝙖𝙧𝙞 𝙗𝙚𝙡𝙪𝙢 𝙙𝙞 𝙜𝙞𝙛𝙩 𝙟𝙪𝙜𝙖? 𝘾𝙝𝙖𝙩 𝙖𝙙𝙢𝙞𝙣, 𝙠𝙖𝙙𝙖𝙣𝙜 𝙖𝙙𝙢𝙞𝙣 𝙨𝙪𝙠𝙖 𝙡𝙪𝙥𝙖😛\n- 𝙈𝙚𝙢𝙗𝙚𝙡𝙞 = 𝙎𝙀𝙏𝙐𝙅𝙐.","url":"-"},{"keyword":"wdp","text":"𝐖𝐞𝐞𝐤𝐥𝐲 𝐃𝐢𝐚𝐦𝐨𝐧𝐝 𝐏𝐚𝐬𝐬  \n\n- 1 Weekly = Rp 28.000\n- 2 Weekly = Rp 56.000\n- 3 Weekly = Rp 84.000\n- 4 Weekly = Rp 112.000\n- 5 Weekly = Rp 140.000\n- 6 Weekly = Rp 168.000\n- 7 Weekly = Rp 196.000\n- 8 Weekly = Rp 224.000\n- 9 Weekly = Rp 252.000\n- 10 Weekly = Rp 280.000\n\n𝗡𝗼𝘁𝗲‼️\n- 𝙋𝙖𝙨𝙩𝙞𝙠𝙖𝙣 𝙐𝙨𝙚𝙧 𝙄𝘿 (𝙨𝙚𝙧𝙫𝙚𝙧) 𝙮𝙖𝙣𝙜 𝙙𝙞𝙗𝙚𝙧𝙞𝙠𝙖𝙣 𝙨𝙪𝙙𝙖𝙝 𝙗𝙚𝙣𝙖𝙧, 𝙖𝙥𝙖𝙗𝙞𝙡𝙖 𝙖𝙙𝙖 𝙠𝙚𝙨𝙖𝙡𝙖𝙝𝙖𝙣 𝙙𝙖𝙡𝙖𝙢 𝙢𝙚𝙢𝙗𝙚𝙧𝙞𝙠𝙖𝙣 𝙐𝙨𝙚𝙧 𝙄𝘿 (𝙨𝙚𝙧𝙫𝙚𝙧) 𝙗𝙪𝙠𝙖𝙣 𝙩𝙖𝙣𝙜𝙜𝙪𝙣𝙜 𝙟𝙖𝙬𝙖𝙗 𝘼𝙙𝙢𝙞𝙣\n- 𝙏𝙚𝙧𝙝𝙞𝙩𝙪𝙣𝙜 𝙢𝙞𝙨𝙞 𝙩𝙤𝙥𝙪𝙥\n- 𝙋𝙧𝙤𝙨𝙚𝙨 1 - 10 𝙈𝙚𝙣𝙞𝙩 (𝙈𝙖𝙭 1 𝙭 24 𝙟𝙖𝙢, 𝙖𝙥𝙖𝙗𝙞𝙡𝙖 𝙖𝙙𝙖 𝙠𝙚𝙣𝙙𝙖𝙡𝙖 𝙬𝙚𝙗 𝙙𝙚𝙡𝙖𝙮)\n- 𝙇𝙚𝙜𝙖𝙡 100%","url":"-"},{"keyword":"giftskin","text":"*_GIFT SKIN BY ARE STORE_*\n(*_Rate 120_*)\n\n𝙋𝙖𝙣𝙙𝙪𝙖𝙣;\n❌️ = 𝚃𝚒𝚍𝚊𝚔 𝚁𝚎𝚊𝚍𝚢\n✅️ = 𝚁𝚎𝚊𝚍𝚢\n\n𝚂𝚔𝚒𝚗 599💎 = Rp 73.000✅️\n𝚂𝚔𝚒𝚗 749💎 = Rp 91.000✅️\n𝚂𝚔𝚒𝚗 899💎 = Rp 110.000✅️\n𝚂𝚔𝚒𝚗 1089💎 = Rp 133.000✅️\n\n𝗦𝗸𝗶𝗻 𝗽𝗿𝗲-𝗼𝗿𝗱𝗲𝗿 𝗱𝗶𝘀𝗸𝗼𝗻 𝟯𝟬%\n(𝘽𝙚𝙧𝙡𝙖𝙠𝙪 𝙨𝙚𝙗𝙚𝙡𝙪𝙢 𝙨𝙠𝙞𝙣 𝙧𝙚𝙡𝙚𝙖𝙨𝙚)\n𝚂𝚔𝚒𝚗 419💎 = Rp 51.800✅️\n𝚂𝚔𝚒𝚗 524💎 = Rp 63.500✅️\n𝚂𝚔𝚒𝚗 629💎 = Rp 76.800✅️\n𝚂𝚔𝚒𝚗 762💎 = Rp 92.500✅️\n\n𝗡𝗼𝘁𝗲‼️\n- 𝙂𝙞𝙛𝙩 𝙎𝙠𝙞𝙣 𝙙𝙚𝙡𝙖𝙮 7-8𝙃𝙖𝙧𝙞, 𝙗𝙞𝙨𝙖 𝙡𝙚𝙗𝙞𝙝 𝙟𝙞𝙠𝙖 𝙩𝙚𝙧𝙙𝙖𝙥𝙖𝙩 𝙖𝙣𝙩𝙧𝙞𝙖𝙣\n- 𝙉𝙤 𝙍𝙚𝙛𝙛\n- 𝙐𝙣𝙛𝙤𝙡𝙡 𝙖𝙠𝙪𝙣 𝙜𝙞𝙛𝙩 = 𝙝𝙖𝙣𝙜𝙪𝙨\n- 𝙆𝙖𝙡𝙖𝙪 𝙘𝙝𝙖𝙣𝙜𝙚 𝙣𝙞𝙘𝙠 𝙨𝙚𝙜𝙚𝙧𝙖 𝙠𝙖𝙗𝙖𝙧𝙞 𝙖𝙙𝙢𝙞𝙣, 𝙗𝙞𝙖𝙧 𝙨𝙖𝙖𝙩 𝙥𝙧𝙤𝙨𝙚𝙨 𝙜𝙞𝙛𝙩𝙨𝙠𝙞𝙣 𝙩𝙞𝙙𝙖𝙠 𝙠𝙚𝙗𝙞𝙣𝙜𝙪𝙣𝙜𝙖𝙣 \n\n𝙊𝙍𝘿𝙀𝙍 = 𝙎𝙀𝙏𝙐𝙅𝙐✅️","url":"-"},{"keyword":"dmvilog","text":"𝐃𝐢𝐚𝐦𝐨𝐧𝐝 𝐌𝐋𝐁𝐁 𝐯𝐢𝐚 𝐋𝐨𝐠𝐢𝐧\n\n💎 275  =  Rp 67.000\n💎 565  =  Rp 126.000\n💎 1155  =  Rp 237.000\n💎 1765  =  Rp 352.000\n💎 2975  =  Rp 567.000\n💎 6000  =  Rp 1.117.000\nEpic Bundle  =  Rp 67.000\nWeekly  =   Rp 26.000 (*_min beli 3_*)\n\n𝗡𝗼𝘁𝗲‼️\n- 𝙑𝙚𝙧𝙞𝙛𝙞𝙠𝙖𝙨𝙞 𝙡𝙤𝙜𝙞𝙣 𝙝𝙖𝙧𝙖𝙥 𝙙𝙞𝙢𝙖𝙩𝙞𝙠𝙖𝙣, 𝙖𝙜𝙖𝙧 𝙢𝙚𝙢𝙥𝙚𝙧𝙘𝙚𝙥𝙖𝙩 𝙥𝙧𝙤𝙨𝙚𝙨 𝙥𝙚𝙣𝙜𝙚𝙧𝙟𝙖𝙖𝙣,\n- 𝙇𝙤𝙜𝙞𝙣 𝙈𝙤𝙤𝙣𝙩𝙤𝙣/𝙁𝙖𝙘𝙚𝙗𝙤𝙤𝙠/𝙏𝙏/𝙂𝙤𝙤𝙜𝙡𝙚 𝙋𝙡𝙖𝙮 (𝙠𝙖𝙡𝙖𝙪 𝙗𝙞𝙨𝙖 𝙢𝙤𝙤𝙣𝙩𝙤𝙣),\n- 𝘿𝙖𝙩𝙖 𝙖𝙠𝙪𝙣 𝙖𝙢𝙖𝙣 100%,\n- 𝙎𝙚𝙡𝙖𝙢𝙖 𝙥𝙧𝙤𝙨𝙚𝙨 𝙥𝙚𝙣𝙜𝙚𝙧𝙟𝙖𝙖𝙣 𝙙𝙞𝙡𝙖𝙧𝙖𝙣𝙜 𝙠𝙚𝙧𝙖𝙨 𝙠𝙚𝙥𝙖𝙙𝙖 𝙗𝙪𝙮𝙚𝙧 𝙪𝙣𝙩𝙪𝙠 𝙡𝙤𝙜𝙞𝙣, 2𝙭 𝙩𝙖𝙗𝙧𝙖𝙠 = 𝙝𝙖𝙣𝙜𝙪𝙨,\n- 𝙋𝙧𝙤𝙨𝙚𝙨 1-3 𝙅𝙖𝙢 (𝙈𝙖𝙭 24 𝙅𝙖𝙢 𝙖𝙥𝙖𝙗𝙞𝙡𝙖 𝙖𝙙𝙖 𝙚𝙫𝙚𝙣𝙩),\n- 𝘿𝙞 𝙢𝙖𝙞𝙣𝙠𝙖𝙣 2-3 𝙢𝙖𝙩𝙘𝙝 𝙍𝙖𝙣𝙠𝙚𝙙 (𝘾𝙡𝙖𝙨𝙨𝙞𝙘 +5𝙠),\n- 𝘽𝙞𝙨𝙖 𝙢𝙚𝙣𝙮𝙚𝙡𝙚𝙨𝙖𝙞𝙠𝙖𝙣 𝙢𝙞𝙨𝙞 𝙚𝙫𝙚𝙣𝙩 𝙩𝙤𝙥 𝙪𝙥,\n- 𝙇𝙚𝙜𝙖𝙡 𝙗𝙚𝙧𝙜𝙖𝙧𝙖𝙣𝙨𝙞 (𝙨𝙮𝙖𝙧𝙖𝙩 𝙩𝙞𝙙𝙖𝙠 𝙢𝙚𝙡𝙖𝙠𝙪𝙠𝙖𝙣 𝙤𝙧𝙙𝙚𝙧 𝙙𝙞𝙨𝙩𝙤𝙧𝙚 𝙡𝙖𝙞𝙣),\n- 𝙈𝙚𝙣𝙙𝙖𝙥𝙖𝙩𝙠𝙖𝙣 𝙄𝙣𝙫𝙤𝙞𝙘𝙚 𝙂𝙤𝙤𝙜𝙡𝙚 𝙋𝙡𝙖𝙮,\n\n𝙎𝙪𝙙𝙖𝙝 𝙗𝙚𝙧𝙟𝙖𝙡𝙖𝙣 𝙡𝙖𝙢𝙖 𝙙𝙖𝙣 𝙖𝙢𝙖𝙣2 𝙨𝙖𝙟𝙖\n𝗢𝗿𝗱𝗲𝗿 = 𝘀𝗲𝘁𝘂𝗷𝘂✅️","url":"-"},{"keyword":"ff","text":"𝐅𝐫𝐞𝐞 𝐅𝐢𝐫𝐞 𝐅𝐚𝐬𝐭 𝐯𝐢𝐚 𝐢𝐝\n\n💎 5 = Rp 1.000\n💎 20 = Rp 4.000\n💎 50 = Rp 8.000\n💎 70 = Rp 9.700\n💎 100 = Rp 14.500\n💎 140 = Rp  19.500\n💎 210 = Rp  28.500\n💎 280 = Rp  37.500\n💎 355 = Rp  47.500\n💎 425 = Rp  55.500\n💎 500 = Rp  65.500\n💎 720 = Rp  91.500\n💎 860 = Rp  108.500\n💎 1000 = Rp  126.500\n💎 1440 = Rp  178.500\n💎 2160 = Rp  264.500\n💎 2880 = Rp  350.500\n💎 3600 = Rp  437.500\n\nBP Card = Rp 41.000\nMembership Mingguan = Rp  28.000\nMembership Bulanan = Rp  80.000\nLevel Up Pass = Rp  14.000\n\n𝗡𝗼𝘁𝗲‼️\n- 𝙋𝙖𝙨𝙩𝙞𝙠𝙖𝙣 𝙐𝙨𝙚𝙧 𝙄𝘿 𝙮𝙖𝙣𝙜 𝙙𝙞𝙗𝙚𝙧𝙞𝙠𝙖𝙣 𝙨𝙪𝙙𝙖𝙝 𝙗𝙚𝙣𝙖𝙧, 𝙖𝙥𝙖𝙗𝙞𝙡𝙖 𝙖𝙙𝙖 𝙠𝙚𝙨𝙖𝙡𝙖𝙝𝙖𝙣 𝙙𝙖𝙡𝙖𝙢 𝙢𝙚𝙢𝙗𝙚𝙧𝙞𝙠𝙖𝙣 𝙐𝙨𝙚𝙧 𝙄𝘿 𝙗𝙪𝙠𝙖𝙣 𝙩𝙖𝙣𝙜𝙜𝙪𝙣𝙜 𝙟𝙖𝙬𝙖𝙗 𝘼𝙙𝙢𝙞𝙣\n- 𝙋𝙧𝙤𝙨𝙚𝙨 1 - 10 𝙈𝙚𝙣𝙞𝙩 (𝙈𝙖𝙭 1 𝙭 24 𝙟𝙖𝙢, 𝙖𝙥𝙖𝙗𝙞𝙡𝙖 𝙖𝙙𝙖 𝙠𝙚𝙣𝙙𝙖𝙡𝙖 𝙬𝙚𝙗 𝙙𝙚𝙡𝙖𝙮)\n- 𝙇𝙚𝙜𝙖𝙡 100%","url":"-"},{"keyword":"joki ml","text":"- *MASTER*⭐/*3.5K*\n- *GRAND MASTER*⭐/*4.5K*\n- *EPIC*⭐/*6.2K*\n- *LEGEND*⭐/*7.2K*\n- *MYTHIC(0-24)*⭐/*12.3K*\n- *HONOR*⭐/*15.3K*\n- *GLORY*⭐/*21.3K*\n- *IMMORTAL* ⭐/*26.3K*\n\n- *FULL GRADING* *155K*\n- *CLASSIC* *5.2K*","url":"-"}],"120363365998058236@g.us":[{"keyword":"ml","text":"wow","url":"https://autoresbot.com/tmp_files/dd9c6793-d877-4d83-a492-5ab909caef4f.jpg"}],"120363348215985137@g.us":[{"keyword":"pay","text":"085123","url":"-"},{"keyword":"anu","text":"wih murah banget","url":"https://autoresbot.com/tmp_files/8edb7681-7c21-442c-989a-9a17c1997ee3.jpg"},{"keyword":"cecan","text":"ini kak","url":"https://autoresbot.com/tmp_files/918a7085-6e70-4b6d-bd03-f8f0e4b57e33.png"}],"120363350385921653@g.us":[{"keyword":"pay","text":"｡ﾟﾟ･｡･ﾟﾟ｡\nﾟ。      duit.\n　ﾟ･｡･ﾟ⠀\n── _Arshy_\n💸  :  ୨୧  💶  Qriss +500p ️  ⟡ ️️ \n【 scan luar / dana tetap berfee ‼️ 】 \n                ✿  a.n Ara Miaw\n💸  :  ୨୧  💶  Dana & Gopay ️  ⟡ ️️ \n                ✿ chat.\n\n── _Echy_\n💸  :  ୨୧  💶  Dana ️  ⟡ ️️ \n【 082396631049 】 \n                ✿  C.S\n💸  :  ୨୧  💶  Gopay ️  ⟡ ️️ \n【 082396631049 】 \n                ✿  a.n C.S\n\n‼️┈──‌─‌── ❝ note's ❞ \n        ── salah tf, dll admin ga tanggung jawab. Bukti tf ga boleh di crop, edit, sensor. PAKE FEE. Ga pake fee ga ku proses, bodo amat mau dibilang nipu atau apa.","url":"https://autoresbot.com/tmp_files/95fba798-974c-474b-b9f7-c28153ccafb6.jpg"},{"keyword":"jastip","text":"ㅤ\n               ︎︎ ︎︎        𓊆 ♡ 🗝️ | 𝐉astip𝐀cc𓊇\n           𓂃 ࣪ ִִֶ #belle retain this account ᨩ ࣪⊹ ִֶָ \n\n\n₊˙ ୨ৎ 𝐄xamine the details in the image thoroughly and that's still #Available ૮ ˶ᵔ ᵕ ᵔ˶ ა ♡ please attention everyone yea! ˖   ˋ ◌ ₊ 🦩\n\n˖   ˋ ◌ ₊ buy or prib : \n˖   ˋ ◌ ₊ reff/noref : \n˖   ˋ ◌ ₊ login & minus : \n˖   ˋ ◌ ₊ specifications : \n˖   ˋ ◌ ₊ price: \n˖   ˋ ◌ ₊ contact order : \n\n🪷 𝐈f you find this account interesting, quickly contact the owner of this account 😋 ...\n\n📄 જ⁀➴ 𝐁uy with risk,account purchase required use *rekber* !! be a smart buyyer!!","url":"-"},{"keyword":"amanin akun","text":"amanin akun ml, pasang v2l dsb.\n\n— *harga*\nmonsep : 35k (only ganti pw dll) + hilangin device 50k\nnosep :\nharga tergantung, dari nosep ad device aktif pastinya, kalo device ny mau di ilangin + akun ny ganti pw 65k (sepaket), kalo device ny gmau di ilangin cuma ganti pw aja 35k\n\n— *keuntungan device di hilangin*\nkalo main ga nabrak, di akun itu cuma ada kamu, dll.\n\n_contack : admin chy_","url":"-"},{"keyword":"am prem","text":"am Prem murah nihh-!! \n1. email dari kalian : 7k\n2. email dari admin : 12k\n3. membuat am Prem sendiri : 80k\n\n- _support preset 5mb n xml_\n- _garansi 24 jam pemakaian_\n- _tutor membuat am prem keuntungan kalian bisa jual ulang akun akun itu dan pastinya bakal balik modal_\n\n~contack: admin ecii~","url":"-"},{"keyword":"wdp","text":"WDP INDO/GLOBAL\n\n— Harga Normal slow : 28k Only ( open setiap hari ) proses 20 menit\n— Harga Normal fast : 30k Only ( open setiap hari ) proses 1 - 3 menit\n— Harga Promo : 26k Only ( open tergantung aku )\n\n_contact : — adm Arshy_","url":"-"}]}