{"120363275888060420@g.us":[{"text":"𝙷𝚊𝚕𝚕𝚘𝚠𝚠 𝙼𝚢 𝙵𝚛𝚒𝚎𝚗𝚍𝚜 @name \n𝙸𝚗𝚝𝚛𝚘 𝚍𝚞𝚕𝚞 𝚢𝚊𝚊:\n𝙽𝚊𝚖𝚊:\n𝐀𝚜𝚔𝚘𝚝:\n𝙶𝚎𝚗𝚍𝚎𝚛:\n𝚄𝚖𝚞𝚛:\n\n𝗠𝗲𝗺𝗯𝗲𝗿 𝗯𝗮𝗿𝘂 𝘄𝗮𝗷𝗶𝗯 𝗶𝗻𝘁𝗿𝗼‼️\n@desc","status":"on"}],"120363365998058236@g.us":[{"text":"Halo @NAME Selamat datang di @GROUP\n\n@DESC\n\nSemoga betah 😊🙏🏻","status":"on"}],"120363333935072547@g.us":[{"text":"Halo @NAME Selamat datang di @GROUP\n\n@DESC\n\nSemoga betah 😊🙏🏻","status":"on"}],"120363348215985137@g.us":[{"text":"halo @name \n\n@desc","status":"on"}],"120363317423818696@g.us":[{"text":"𝙷𝚊𝚕𝚕𝚘𝚠𝚠 𝙼𝚢 𝙵𝚛𝚒𝚎𝚗𝚍𝚜 @name\n𝙸𝚗𝚝𝚛𝚘 𝚍𝚞𝚕𝚞 𝚢𝚊𝚊:\n𝙽𝚊𝚖𝚊:\n𝐀𝚜𝚔𝚘𝚝:\n𝙶𝚎𝚗𝚍𝚎𝚛:\n𝚄𝚖𝚞𝚛:\n𝚁𝚘𝚕𝚎:\n\n𝗠𝗲𝗺𝗯𝗲𝗿 𝗯𝗮𝗿𝘂 𝘄𝗮𝗷𝗶𝗯 𝗶𝗻𝘁𝗿𝗼‼️\n@desc","status":"on"}],"120363353270720828@g.us":[{"text":"halo","status":"off"}]}